1,841932-sasktels.com
2,alectra.online
3,bchydro-lajoie-interactive.com
4,bchydro-payment.com
5,bchydro.online
6,bchydro.services
7,bell-alerts.com
8,bell-autoservice.com
9,bell-david-and-wrc-official-earn-platform-by-google-adsense.com
10,bell-gardens-ca-yard-services.info
11,bell-ias.online
12,bell-invoice-portal.com
13,bell-mobile.info
14,bell-mobile.live
15,bell-mobilesupport.com
16,bell-online.net
17,bell-overpayment.info
18,bell-pottingerdigital.london
19,bell-reset.com
20,bell-service.net
21,bell-support.com
22,bell-support.online
23,bell-update.com
24,bell.digital
25,bell.services
26,bell.support
27,bellacasarenovations-handymanservices.info
28,bellaire-houstontreeservice.com
29,belle-france-automobile-tours.com
30,belle-web.info
31,belleville-il-yard-services.info
32,bellevue-wa-yard-services.info
33,bellevueroofgutterpressurecleaningservice.info
34,bellezas-de-jalisco.online
35,bellingham-real-estate-online.com
36,bellingham-wa-yard-services.info
37,cashbackdatamobile-freedom.com
38,cogeco-account.com
39,cogeco-myaccount.com
40,cogeco-online.com
41,cogeco-secure.com
42,cogeco-servicepro.com
43,cogeco-support.com
44,cogeco-tech-support.com
45,cogeco.online
46,cogeco.services
47,cogeco.support
48,cogecomoldremediationeuless.online
49,e-docs-bellaterracenursing.tk
50,eastlink-billingca.com
51,eastlink-billings.org
52,eastlink-eusers.com
53,eastlink-notice.org
54,eastlink-service.org
55,eastlink-support.cc
56,eastlink-support.com
57,eastlink-tech-support.com
58,eastlink-users.com
59,eastlink-users.online
60,eastlink-web.com
61,eastlink.online
62,eastlink.services
63,eastlink.support
64,eastlink.website
65,eeyou-services.com
66,epcor-account.com
67,epcor-billing.com
68,execulink.online
69,fido--mobile01.com
70,fido-2billingservice.info
71,fido-3svbilling.info
72,fido-8dsbilling.info
73,fido-accessories.com
74,fido-account-interact-refund.com
75,fido-account-update.com
76,fido-account.com
77,fido-accountbilling.com
78,fido-accountpayment.com
79,fido-alert.com
80,fido-alert.info
81,fido-alert.net
82,fido-alerte.com
83,fido-alerts.com
84,fido-alerts.info
85,fido-and-friend.online
86,fido-auth.com
87,fido-authentication.info
88,fido-authenticator.com
89,fido-authenticator.info
90,fido-authenticator.net
91,fido-authenticator.org
92,fido-authenticator.se
93,fido-authetication.info
94,fido-billing.com
95,fido-billing.info
96,fido-billingdept.com
97,fido-billinginformation.com
98,fido-billingrefund.com
99,fido-billingreview.com
100,fido-carrier-mobile.com
101,fido-carrierbilling.com
102,fido-client.com
103,fido-clients.com
104,fido-clients.online
105,fido-clientsupport.online
106,fido-communication.online
107,fido-digital.com
108,fido-e-transfer-secure.com
109,fido-e-transfer.info
110,fido-easylogin.com
111,fido-info-personnel.online
112,fido-infobilling.com
113,fido-informationbilling.com
114,fido-login.com
115,fido-login.eu
116,fido-manage-account.com
117,fido-mobile-account.com
118,fido-mobile-carrier.com
119,fido-mobile-support.com
120,fido-mobile-web.com
121,fido-mobile.co.uk
122,fido-mobile.com
123,fido-mobile.net
124,fido-mobile.online
125,fido-mobile.org
126,fido-mobile.xyz
127,fido-mobiles.com
128,fido-mobiles.net
129,fido-mobiles.online
130,fido-mobiles.org
131,fido-mobilityaccount-5g.net
132,fido-mobilityservices-overview.net
133,fido-myaccount.app
134,fido-myaccount.com
135,fido-myaccountapp.ltd
136,fido-myaccountovercharge2019.info
137,fido-myservice.com
138,fido-notice.com
139,fido-onelogin.com
140,fido-online-web1.com
141,fido-online.com
142,fido-online.de
143,fido-online.net
144,fido-online.org
145,fido-onlinefunds.com
146,fido-onlinemarketplace.com
147,fido-onlinesupport.com
148,fido-payment.com
149,fido-payments.com
150,fido-petservice.com
151,fido-portal.com
152,fido-portalinc.org
153,fido-rebate-icc.site
154,fido-rebate-return.site
155,fido-refund.online
156,fido-refundsecure75.info
157,fido-refundservice.com
158,fido-secure-refund75.com
159,fido-secure.com
160,fido-secure.online
161,fido-secure1.online
162,fido-secured.live
163,fido-secured.online
164,fido-secureintl-ca.com
165,fido-security-center.com
166,fido-security.com
167,fido-service-mobilepay.com
168,fido-service-overview.com
169,fido-servicedesk.ca
170,fido-servicedesk.com
171,fido-servicedesk.net
172,fido-servicedesk.org
173,fido-services.com
174,fido-servicesnotice.com
175,fido-servicesolcom.com
176,fido-servicesrefunds.com
177,fido-site1.online
178,fido-solservices.com
179,fido-solution-notice.net
180,fido-solutions-overdue-forward.com
181,fido-solutions-overdue-forward.site
182,fido-solutions-overdue-redirect.com
183,fido-solutions-overdue-redirect.site
184,fido-solutions-overdue-refund.com
185,fido-solutions-support.com
186,fido-solutions.online
187,fido-support-mobility.com
188,fido-support.com
189,fido-support.icu
190,fido-support.info
191,fido-support.net
192,fido-support.org
193,fido-supportmobile.com
194,fido-supportmobility.com
195,fido-svdbilling09.info
196,fido-svdbilling10.info
197,fido-svdbilling11.info
198,fido-svdbilling49.info
199,fido-update.com
200,fido-updatepayment.info
201,fido-updates.online
202,fido-updates.top
203,fido-verification.com
204,fido-verification1.com
205,fido-verifications.live
206,fido-verifications.net
207,fido-verify-account.com
208,fido-verify-refund.com
209,fido-webpage.com
210,fido-wireless-mobile.com
211,fido-wirelessrefundclient65.com
212,fido.digital
213,fido.online
214,fido.services
215,fido.support
216,fido.website
217,fido611-compte.online
218,fidosolution-annualbilling.site
219,fidoteam-verificationdepartement.info
220,fidowireless-supportcarrier.com
221,fizz-90s.online
222,fizz-buzz.online
223,fizz-digital.co.uk
224,fizz-mine.online
225,fizz-mobile.com
226,fizz-referral-code-reference.info
227,fizz-slots-official-casino.online
228,fizz-system.website
229,fizz-web.com
230,fizz.digital
231,fizz.online
232,fizz.services
233,fizzslots-casino-online.ru
234,fizzslots-official-casino.online
235,freedommobile-account.com
236,freedommobile-cashbackonline.com
237,freedommobile-clientcare.com
238,freedommobile-credit.info
239,freedommobile-credit.ru
240,freedommobile-deposit-funds.com
241,freedommobile-gift.info
242,freedommobile-giftpay.info
243,freedommobile-lnterac-payment.com
244,freedommobile-login.com
245,freedommobile-myaccount.com
246,freedommobile-myaccounts.com
247,freedommobile-onelogin.com
248,freedommobile-onlinecashback.com
249,freedommobile-onlinecashback101.com
250,freedommobile-onlinecashbackdata.com
251,freedommobile-onlinereturn.com
252,freedommobile-onlinereturn94.com
253,freedommobile-refundonline.com
254,freedommobile-secure.com
255,freedommobile-support.com
256,freedommobile-web.com
257,freedommobile.online
258,freedommobile.support
259,hydroone-astrahan.ru
260,hydroone-belgorod.ru
261,hydroone-bryansk.ru
262,hydroone-chelyabinsk.ru
263,hydroone-dagestan.ru
264,hydroone-ekaterinburg.ru
265,hydroone-irkutsk.ru
266,hydroone-ivanovo.ru
267,hydroone-izhevsk.ru
268,hydroone-kaluga.ru
269,hydroone-kazan.ru
270,hydroone-kemerovo.ru
271,hydroone-kirov.ru
272,hydroone-krasnodar.ru
273,hydroone-kursk.ru
274,hydroone-lipetsk.ru
275,hydroone-msk.ru
276,hydroone-nino.ru
277,hydroone-novosibirsk.ru
278,hydroone-omsk.ru
279,hydroone-orel.ru
280,hydroone-orenburg.ru
281,hydroone-payments.com
282,hydroone-penza.ru
283,hydroone-perm.ru
284,hydroone-pskov.ru
285,hydroone-rates.online
286,hydroone-rostov.ru
287,hydroone-ryazan.ru
288,hydroone-samara.ru
289,hydroone-saransk.ru
290,hydroone-saratov.ru
291,hydroone-smolensk.ru
292,hydroone-spb.ru
293,hydroone-support.com
294,hydroone-tambov.ru
295,hydroone-tula.ru
296,hydroone-tumen.ru
297,hydroone-tver.ru
298,hydroone-ufa.ru
299,hydroone-ulyanovsk.ru
300,hydroone-vladimir.ru
301,hydroone-vnovgorog.ru
302,hydroone-volgograd.ru
303,hydroone-vologda.ru
304,hydroone-voronezh.ru
305,hydroone-yaroslavl.ru
306,hydroqc.online
307,hydroquebec-aideservice.com
308,hydroquebec-client.com
309,hydroquebec-client.info
310,hydroquebec-online.com
311,hydroquebec-updates.online
312,hydroquebec.online
313,hydroquebec.services
314,hydroquebec.website
315,koodo-mobile-support.com
316,koodo-mobile.ca
317,koodo-mobile.club
318,koodo-mobile.com
319,koodo-online.com
320,koodo-telussupportcenter.com
321,koodo.online
322,koodo.website
323,manitobahydro-payment.com
324,manitobahydro.online
325,maritimeelectric.online
326,notice-videotron.com
327,novascotiapower-alert.com
328,ntpc-career.online
329,ntpc.online
330,ntpc.website
331,phonebox-mobiles.com
332,phonebox-mobiles.net
333,phonebox-service.de
334,phonebox.online
335,rogers-1-login.com
336,rogers-1account-bill.com
337,rogers-1login-account.com
338,rogers-1mobile-account.com
339,rogers-1mobile-bill.com
340,rogers-1mobile-simappeal.net
341,rogers-2mobility-authsim.net
342,rogers-514message.online
343,rogers-5gaccount.net
344,rogers-5gnewsalerts-ca.net
345,rogers-acc1-login.com
346,rogers-acccount-login.com
347,rogers-accent-studio.online
348,rogers-access.net
349,rogers-access1.online
350,rogers-access1login.com
351,rogers-access1paymentbill.com
352,rogers-accessappeal-ca.com
353,rogers-accessories.com
354,rogers-accesspay-mobile.net
355,rogers-account-access.com
356,rogers-account-arrangements.com
357,rogers-account-billing.online
358,rogers-account-login.com
359,rogers-account-management.com
360,rogers-account-management.online
361,rogers-account-support.com
362,rogers-account-support.online
363,rogers-account.ca
364,rogers-account.com
365,rogers-account.info
366,rogers-account.mobi
367,rogers-account.xyz
368,rogers-account1login.com
369,rogers-accountants.co.uk
370,rogers-accounting.com
371,rogers-accountlogin.com
372,rogers-accounts.com
373,rogers-active5g.com
374,rogers-admin-billingdashboard.net
375,rogers-admin-billingdashboard.store
376,rogers-agencies.online
377,rogers-ai.online
378,rogers-airservices.com
379,rogers-alert.co
380,rogers-alerts.com
381,rogers-auth.com
382,rogers-authentication.com
383,rogers-author-site.com
384,rogers-bc.online
385,rogers-bill-1account.com
386,rogers-bill-arrangement.online
387,rogers-bill1paymentacess.com
388,rogers-billing-account.online
389,rogers-billing-cycle-ca.digital
390,rogers-billing.com
391,rogers-billing.info
392,rogers-billing.link
393,rogers-billing.online
394,rogers-billing.site
395,rogers-billing.support
396,rogers-billing.top
397,rogers-billing1dashboard.com
398,rogers-billingreview.com
399,rogers-billingsuppor1t-ca.net
400,rogers-billreview.online
401,rogers-billsupport.com
402,rogers-ca.online
403,rogers-ca.website
404,rogers-canada-2fa-update.com
405,rogers-canada-payment.info
406,rogers-carrierservices.com
407,rogers-carriersupport.com
408,rogers-chatr.online
409,rogers-chekup1.online
410,rogers-city.web.id
411,rogers-clan-website.com
412,rogers-client.com
413,rogers-client2018.com
414,rogers-clientmobi-services.net
415,rogers-clients.com
416,rogers-communication.online
417,rogers-compte-enligne1.info
418,rogers-comunicationsupdates.com
419,rogers-comunnication-account.icu
420,rogers-confirmation.com
421,rogers-construction-services.com
422,rogers-construction-services.info
423,rogers-construction.online
424,rogers-consumer-body-account.net
425,rogers-consumerprofile-signin.net
426,rogers-county-divorce-lawyer.com
427,rogers-county.web.id
428,rogers-creative.online
429,rogers-customer-service.ca
430,rogers-customer-service.com
431,rogers-customerservice.info
432,rogers-designs.online
433,rogers-desk-devicesupport.net
434,rogers-device-planmobile-ca.net
435,rogers-deviceservices-app.net
436,rogers-digital.com
437,rogers-discount.online
438,rogers-easyweb1fix.com
439,rogers-ebankonline.ca
440,rogers-egift-billreturn.online
441,rogers-esecure.online
442,rogers-espaceclient.com
443,rogers-etfr.online
444,rogers-etransfer.online
445,rogers-fidocustomercare.online
446,rogers-financialservices.com
447,rogers-fraudprotection.com
448,rogers-handymanservices.com
449,rogers-harleydavidson-service.nl
450,rogers-hire.online
451,rogers-hlb.online
452,rogers-inc.online
453,rogers-info.support
454,rogers-instantverification.com
455,rogers-integratori.website
456,rogers-interac-secure.ca
457,rogers-interacsupport.com
458,rogers-internet5g-update.net
459,rogers-issuepymnt-mobile.com
460,rogers-jobs.online
461,rogers-livechatsupport.com
462,rogers-livesupport.com
463,rogers-login-access.com
464,rogers-login-access1.com
465,rogers-login-account.com
466,rogers-login.co
467,rogers-login.com
468,rogers-login1access.com
469,rogers-loginaccount.com
470,rogers-lte-plandashboard-ca.net
471,rogers-marketing.online
472,rogers-mechanical-services.com
473,rogers-mobile-1account.com
474,rogers-mobile-login.com
475,rogers-mobile-overprice.com
476,rogers-mobile-payment.com
477,rogers-mobile-refund.com
478,rogers-mobile-wallet.com
479,rogers-mobile.ca
480,rogers-mobile.com
481,rogers-mobile.link
482,rogers-mobile.me
483,rogers-mobile.net
484,rogers-mobile.online
485,rogers-mobile.org
486,rogers-mobile.site
487,rogers-mobile.support
488,rogers-mobile1-account.com
489,rogers-mobile1-service.com
490,rogers-mobile5g-service.com
491,rogers-mobilebill.com
492,rogers-mobilepayment.com
493,rogers-mobileprotection.com
494,rogers-mobiles.ca
495,rogers-mobiles.com
496,rogers-mobiles.net
497,rogers-mobiles.online
498,rogers-mobiles.org
499,rogers-mobility-et-invoice.info
500,rogers-mobility-support.com
501,rogers-mobility1-services.net
502,rogers-mobility1account.com
503,rogers-mobility1payment.com
504,rogers-mobilitysim-account.net
505,rogers-mobilitysupport.com
506,rogers-monservice.com
507,rogers-myaccess-profile.com
508,rogers-myact1.online
509,rogers-mybillinginfo-en.net
510,rogers-mylogin-mobile.com
511,rogers-mymobile-overview1.net
512,rogers-mypayment.com
513,rogers-offers-monthlyplansoffers.info
514,rogers-onelogin.com
515,rogers-online-1access.com
516,rogers-online-login.com
517,rogers-online-refund.ca
518,rogers-online.com
519,rogers-online.net
520,rogers-onlineportal-2appeal.net
521,rogers-onlineservices.com
522,rogers-onlineverifications.com
523,rogers-overcharge-support.ca
524,rogers-overcharge-systems.info
525,rogers-pay-mobile.com
526,rogers-payment-alert.com
527,rogers-payment.com
528,rogers-payment.net
529,rogers-payment1access.com
530,rogers-payment1bill-access.com
531,rogers-payment1mobility5g.com
532,rogers-paymentlogin.ca
533,rogers-paymentlogin.info
534,rogers-paymentrecovery.net
535,rogers-paymentrecovery.online
536,rogers-paymentupdate.ca
537,rogers-planservices-app.net
538,rogers-plansupport-app.net
539,rogers-promo.online
540,rogers-rcinotice.online
541,rogers-refund-service.com
542,rogers-refundnotice.com
543,rogers-refunds-support.com
544,rogers-refundservice.com
545,rogers-refundservices.com
546,rogers-saving-autopayment.info
547,rogers-secure-account.info
548,rogers-secure-finds.com
549,rogers-secure-finds.net
550,rogers-secure-funds.com
551,rogers-secure-funds.net
552,rogers-secure-online.net
553,rogers-secure.ca
554,rogers-secure.co
555,rogers-secure.info
556,rogers-secure.live
557,rogers-secure.net
558,rogers-secure.online
559,rogers-secure.pro
560,rogers-secure.site
561,rogers-secure.tech
562,rogers-secure1.com
563,rogers-secure1.top
564,rogers-secured-online.com
565,rogers-secured-payment.com
566,rogers-secured2023.com
567,rogers-securedeposit.com
568,rogers-securepayment.com
569,rogers-security.com
570,rogers-security.link
571,rogers-security.net
572,rogers-selfservices-details.net
573,rogers-service-1account.com
574,rogers-service-center.com
575,rogers-service-group.com
576,rogers-service-refund.com
577,rogers-service.com
578,rogers-service.online
579,rogers-service.site
580,rogers-serviceclient.com
581,rogers-servicedesk.com
582,rogers-servicedesk.net
583,rogers-servicedesk.org
584,rogers-serviceinterac.com
585,rogers-servicemobile.info
586,rogers-servicerefund.com
587,rogers-services.ca
588,rogers-services.com
589,rogers-servicesportal.com
590,rogers-servicesteamcenter.com
591,rogers-serviceswireless-ca.net
592,rogers-shop.online
593,rogers-spencer.accountants
594,rogers-strong.online
595,rogers-submit-card-info.online
596,rogers-support-deskmobi.net
597,rogers-support-hotline.com
598,rogers-support-id.com
599,rogers-support-mobility.com
600,rogers-support-wireless.support
601,rogers-support.com
602,rogers-support.info
603,rogers-support.net
604,rogers-support.online
605,rogers-support.org
606,rogers-support.tech
607,rogers-support1page3.net
608,rogers-support1pay.com
609,rogers-supportfunds.com
610,rogers-supportlive.help
611,rogers-supportrefund.com
612,rogers-supports.com
613,rogers-supportslert.info
614,rogers-supportwireless.com
615,rogers-supportwlreless.com
616,rogers-tech-support.com
617,rogers-tech.online
618,rogers-test.website
619,rogers-turtles.online
620,rogers-tutoring.website
621,rogers-update.ca
622,rogers-update.com
623,rogers-updates.com
624,rogers-updates.online
625,rogers-validation.info
626,rogers-verification-support.net
627,rogers-verification-support.online
628,rogers-verification.com
629,rogers-verification.info
630,rogers-verify.ca
631,rogers-view1billingmy-app.net
632,rogers-viewmyapp-billing.net
633,rogers-vincenthomeforwaywardspirits.info
634,rogers-web-login.com
635,rogers-web.com
636,rogers-web.site
637,rogers-webb.com
638,rogers-webcourse.com
639,rogers-webservices.com
640,rogers-wireless-payment.com
641,rogers-wireless-service.com
642,rogers-wireless-service.info
643,rogers-wireless-support.com
644,rogers-wireless1login.com
645,rogers-xfinity-home-security.ca
646,rogers-xfinity-home-security.com
647,rogers-xfinity-support.ca
648,rogers-xfinity-support.com
649,rogers.digital
650,rogers.services
651,rogers.support
652,rogers1-devicesteamapp-mobile.net
653,rogers1-wireless5g-services-ca.net
654,rogers5g-accountupdate-bill.com
655,rogers5g-client1billpayment.com
656,rogers5g-mobile-billpayment.com
657,rogers5g-mobile1link-payment.com
658,rogers5g-mobile1paymentacess.com
659,rogers5g-mobionline-payca.online
660,rogers5g-myprofile-update-bill.com
661,rogers5g-online-1billpayment.com
662,rogers5g-online1bill-payment.com
663,rogers5g-online1billpayment.com
664,rogersacc-services-overview.net
665,rogerscaregivingservices.online
666,rogerscitizensalliancegroup.online
667,rogerscommunications-login.xyz
668,rogerscommunications-secure.icu
669,rogersexecutivemanagment.online
670,rogersforshelbycocommissioner.online
671,rogersinc-login.xyz
672,rogersiphoningandplumbing.online
673,rogersmobile-onlinereturn94.com
674,rogersmobilereference5canada.info
675,rogersmobility-clientrefund01.com
676,rogersmobility-secure-payments.net
677,rogersresidentialconstruct.online
678,rogersstinsonphotography.online
679,rogersweb4cannabiseducation.info
680,rogerswireless-accountbalance.com
681,rogerswirelessonline-web1.info
682,rogerswirelessonline-web2.info
683,rogerswirelessrogers.online
684,saskpower-payment.com
685,sasktel-fund.online
686,sasktel-mobile.online
687,sasktel-store-browse-personal-wireless.com
688,sasktel-store-personal-wireless.com
689,sasktel.website
690,shaw-accounting.com
691,shaw-auth.com
692,shaw-brooks.online
693,shaw-ca-service.com
694,shaw-demo.online
695,shaw-digital.com
696,shaw-digital.info
697,shaw-ebill.com
698,shaw-ebills.com
699,shaw-ebills.net
700,shaw-eportal.com
701,shaw-interactive.com
702,shaw-itp-services.com
703,shaw-legal-services.com
704,shaw-login.com
705,shaw-mobile-billing.com
706,shaw-mobile.ca
707,shaw-myweb.com
708,shaw-naeshouserestaurant.com
709,shaw-onelogin.com
710,shaw-online-testsite.co.uk
711,shaw-online.com
712,shaw-online.net
713,shaw-plumbingservices.co.uk
714,shaw-plumbingservices.com
715,shaw-portal.com
716,shaw-roofing-construction-roseville.site
717,shaw-secure.net
718,shaw-servicedesk.com
719,shaw-servicedesk.net
720,shaw-servicedesk.org
721,shaw-support.com
722,shaw-support.net
723,shaw-support.org
724,shaw-tech-support.com
725,shaw-update.com
726,shaw-usermanage.com
727,shaw-username.com
728,shaw-userpanel.com
729,shaw-users.com
730,shaw-verify.com
731,shaw-web-studio.com
732,shaw-web.com
733,shaw-web.net
734,shaw-web.uk
735,shaw-webdesign.com
736,shaw-webdesigns.com
737,shaw-webdesigns.mobi
738,shaw-webdesigns.xyz
739,shaw-webhosting.com
740,shaw-webhosting.net
741,shaw-webmail.com
742,shaw-webmail.net
743,shaw-webmail.org
744,shaw-webmail.site
745,shaw-website.solutions
746,shaw.digital
747,shaw.services
748,shaw.support
749,shaw.website
750,shawelsdigitalmarketingspace.site
751,shawn-s-sparkle-shine-cleaning-services.com
752,shawnaspropertysolutions.online
753,shawneearearidersassociation.online
754,shawnmanshandymanservice.online
755,shawnpriceonlineinternetmarketing.info
756,shawnpriceonlinenetworkmarketing.info
757,shawsdumpstersnowofphoenix.online
758,shawshaw.online
759,telus-1clientpay.com
760,telus-1payment.com
761,telus-1paymentfailed.com
762,telus-1webid.com
763,telus-access.com
764,telus-access.net
765,telus-account-payment.top
766,telus-account.com
767,telus-account.online
768,telus-account.site
769,telus-accountreview.com
770,telus-accounts.com
771,telus-accounts.online
772,telus-accounts.website
773,telus-accountsidv.com
774,telus-app-support.com
775,telus-assistance-center.online
776,telus-assistance-client.one
777,telus-auth.com
778,telus-bill-update.com
779,telus-bill.xyz
780,telus-billing-dpt.com
781,telus-billing-dpt.net
782,telus-billing.com
783,telus-billing.net
784,telus-billing.online
785,telus-billing1.info
786,telus-billingcharges.com
787,telus-billingdpt.info
788,telus-billingrefund.com
789,telus-billpayment.com
790,telus-billpayments.com
791,telus-carrierbilling.com
792,telus-client-overcharge.com
793,telus-client-overcharges.com
794,telus-client.com
795,telus-client.online
796,telus-clients-overcharge.com
797,telus-clients-overcharges.com
798,telus-clients.com
799,telus-clients.org
800,telus-communication.online
801,telus-communications.online
802,telus-communitys.online
803,telus-credit.online
804,telus-customersupport.ca
805,telus-data.online
806,telus-desactivatedaccount.com
807,telus-dify.online
808,telus-digital-access-verification.com
809,telus-digital.com
810,telus-ebillmangement.com
811,telus-errorcredit.online
812,telus-et-portal.online
813,telus-etransfer-auth.com
814,telus-etransfer.online
815,telus-facture.website
816,telus-fraudlentteam.services
817,telus-fraudprotection.com
818,telus-help-center.online
819,telus-home-security-devices.de
820,telus-idclient.com
821,telus-idonline.com
822,telus-idsecure.com
823,telus-inactivity-login.com
824,telus-intercmoblieverify.info
825,telus-intercverifymoblie.com
826,telus-login.top
827,telus-manage.online
828,telus-mob.online
829,telus-mobile-help.com
830,telus-mobile-help.website
831,telus-mobile.com
832,telus-mobile.info
833,telus-mobile.me
834,telus-mobile.net
835,telus-mobiles.com
836,telus-mobiles.net
837,telus-mobilety.com
838,telus-mobilewireless.info
839,telus-mobility-account.com
840,telus-mobility-clients.com
841,telus-mobility-corporate-plans-72621.de
842,telus-mobility-corporate-plans-85027.de
843,telus-mobility-payments.com
844,telus-mobility-services.com
845,telus-mobility-support.com
846,telus-mobility.online
847,telus-mobility.support
848,telus-mobility12.online
849,telus-myaccess.com
850,telus-myaccount.com
851,telus-mybilling.com
852,telus-mybillings.com
853,telus-mybillpayment.com
854,telus-mybillpayments.com
855,telus-mylogin1.com
856,telus-mypayclient.com
857,telus-myservices.net
858,telus-national.online
859,telus-online.com
860,telus-onlineconnect.com
861,telus-orderconfirmation.com
862,telus-overcharges-client.com
863,telus-overcharges-clients.com
864,telus-overcharging-notice.com
865,telus-overview.online
866,telus-payaccount.com
867,telus-paybilling.com
868,telus-paybillings.com
869,telus-payclient.com
870,telus-payment-refund.com
871,telus-payment.com
872,telus-paymentfailed.com
873,telus-paymentonline.com
874,telus-plan.online
875,telus-plans.online
876,telus-portal.com
877,telus-portalgate.com
878,telus-profil-support.top
879,telus-promotions.online
880,telus-refund-interac.services
881,telus-refundmobile.com
882,telus-safe-funds.info
883,telus-safety-center.online
884,telus-secure-acess.com
885,telus-secure-acess.net
886,telus-secure-form.com
887,telus-secure-funds.com
888,telus-secure-funds.net
889,telus-secure.com
890,telus-secure.net
891,telus-secure.online
892,telus-securemobility.com
893,telus-securepayment.info
894,telus-securepayments.info
895,telus-security-center.online
896,telus-security.ca
897,telus-security.com
898,telus-secverify.com
899,telus-service.online
900,telus-services.de
901,telus-services.online
902,telus-servicesitelus.com
903,telus-signin.online
904,telus-spaceclient.com
905,telus-summary.online
906,telus-support-recapcha.info
907,telus-support.com
908,telus-support.info
909,telus-support.net
910,telus-support.online
911,telus-support.pro
912,telus-surcharge-centre.online
913,telus-team.online
914,telus-tech-support.com
915,telus-tele-com.online
916,telus-update-account.com
917,telus-vendor-portal.com
918,telus-verification-85812834.com
919,telus-verification.com
920,telus-verify.com
921,telus-web.com
922,telus-webmail.com
923,telus-wireless.website
924,telus.digital
925,telus.online
926,telus.security
927,telus.website
928,telus5-i1te3rac.online
929,telusbillinginfortelus.com
930,teluscanadarefundsupport.online
931,teluscompensationsession.online
932,telushelp247-departmentbillingcan.com
933,telusinternationalphilippines.online
934,telusmobile-ccsupport.info
935,telusmobile-operator.online
936,telusmobile-secure.info
937,telusmobile-wireless.info
938,telusmobility-cloudservice.info
939,telusmobility-onlinereturn94.com
940,telusmobility-services.info
941,telusmobility-update.info
942,telusmobilitybillsupport.online
943,telusmobilty-accounts.online
944,telusreview-secured.info
945,telusreview-secured.site
946,verify-shawidcable-enhanced-8291.com
947,videotron-courrielwebiwcstaticmain.online
948,videotron-courrier.online
949,videotron-digital-jakarta.site
950,videotron-mobile.com
951,videotron-notice.com
952,videotron-paiement-client.mobi
953,videotron-rental-jakarta.online
954,videotron-reset.xyz
955,videotron-support.com
956,videotron-technoled.online
957,videotron.online
958,videotron.support
959,videotron.website
960,wightman.online
961,xplornet-online.com
962,xplornet.online
